job_title,job_category,company_name,requirements,location,industry,salary,post_date
Water Resources Analyst,data engineer,City of Kitchener,"
Bachelor’s degree in Civil Engineering or Environmental Science/Engineering with the specialty in water resources preferred
Professional Engineer (P.Eng.) designation, or Engineer in Training (EIT) is preferred with eligibility to receive a P.Eng. designation within 3 years of beginning the role.
Minimum 2-4 years’ experience in water resources engineering design including hydrology, hydraulics, storm water management, water balances, floodplain delineation, storm and sanitary sewers design, pumping station design
Experience with strong design, problem solving and analytical skills
Ability to demonstrate engagement in projects, lead by example and capable of simultaneously coordinating multiple projects
Strong knowledge of Microsoft Office 365
Strong understanding of hydrology and hydraulic models (InfoWorks ICM, InfoSWMM, PCSWMM, LID TTT, etc) with in-depth knowledge of principals, physical and hydraulic processes and of best practices in model development, calibration and verification
Knowledge of Green Infrastructure/LID techniques and experience in their design and application in different urban settings
Bachelor’s degree in Civil Engineering or Environmental Science/Engineering with the specialty in water resources preferred
Professional Engineer (P.Eng.) designation, or Engineer in Training (EIT) is preferred with eligibility to receive a P.Eng. designation within 3 years of beginning the role.
Minimum 2-4 years’ experience in water resources engineering design including hydrology, hydraulics, storm water management, water balances, floodplain delineation, storm and sanitary sewers design, pumping station design
Experience with strong design, problem solving and analytical skills
Ability to demonstrate engagement in projects, lead by example and capable of simultaneously coordinating multiple projects
Strong knowledge of Microsoft Office 365
Strong understanding of hydrology and hydraulic models (InfoWorks ICM, InfoSWMM, PCSWMM, LID TTT, etc) with in-depth knowledge of principals, physical and hydraulic processes and of best practices in model development, calibration and verification
Knowledge of Green Infrastructure/LID techniques and experience in their design and application in different urban settings
Bachelor’s degree in Civil Engineering or Environmental Science/Engineering with the specialty in water resources preferred
Professional Engineer (P.Eng.) designation, or Engineer in Training (EIT) is preferred with eligibility to receive a P.Eng. designation within 3 years of beginning the role.
Minimum 2-4 years’ experience in water resources engineering design including hydrology, hydraulics, storm water management, water balances, floodplain delineation, storm and sanitary sewers design, pumping station design
Experience with strong design, problem solving and analytical skills
Ability to demonstrate engagement in projects, lead by example and capable of simultaneously coordinating multiple projects
Strong knowledge of Microsoft Office 365
Strong understanding of hydrology and hydraulic models (InfoWorks ICM, InfoSWMM, PCSWMM, LID TTT, etc) with in-depth knowledge of principals, physical and hydraulic processes and of best practices in model development, calibration and verification
Knowledge of Green Infrastructure/LID techniques and experience in their design and application in different urban settings","Kitchener, ON",Government & Public Administration,"$70,436 - $88,045 a year",11 days ago
Computer application programmer,software engineer,Grapesoft Canada,"Write, modify, integrate and test software codePrepare reports, manuals and other documentation on the status, operation and maintenance of softwareAssist in the development of logical and physical specificationsModify existing applicationsConfigure commercial-off-the-shelf applications, and/or develop new applications.Design and prepare technical reports and related documentation, and charts and graphs to record resultsContribute to process and troubleshooting documentation.Setup real-time application monitors, dashboards and alertsPerform database upgrades and patching activitiesPeriodically perform backup/recovery to validate the backup/recover proceduresA bachelor’s degree in computer science or in another discipline with a significant programming component is requiredNetworking softwareNetworking hardwareInternetProgramming softwareMS WindowsOraclePL/SQLJAVA.NETShould be familiar with Exadata and Bundle patches applyHands on with Enterprise manager cloud controlFamiliarity with systems, networks and storage.Should be able to support virtualized environmentNetworking softwareNetworking hardwareInternetProgramming softwareMS WindowsOraclePL/SQLJAVA.NETShould be familiar with Exadata and Bundle patches applyHands on with Enterprise manager cloud controlFamiliarity with systems, networks and storage.Should be able to support virtualized environmentNetworking softwareNetworking hardwareInternetProgramming softwareMS WindowsOraclePL/SQLJAVA.NETShould be familiar with Exadata and Bundle patches applyHands on with Enterprise manager cloud controlFamiliarity with systems, networks and storage.Should be able to support virtualized environment","Toronto, ON",Nothing_found,$38.46 - $40.00 an hour,30+ days ago
Web developer,software engineer,Zenith System Solutions,Hiring LabCareer AdviceBrowse JobsBrowse CompaniesSalariesIndeed EventsWork at IndeedAboutHelp Centre,"Toronto, ON",Nothing_found,$35 an hour,30+ days ago
mobile applications developer,software engineer,Mi9 Retail ULC,Hiring LabCareer AdviceBrowse JobsBrowse CompaniesSalariesIndeed EventsWork at IndeedAboutHelp Centre,"North York, ON",Nothing_found,$39 an hour,30+ days ago
Cloud & Full-Stack Backend Software Developer,software engineer,Cognixion,"
3-5 years industry experience
AWS cloud architecture (S3, EC2, Lambda, API Gateway, Polly, DynamoDB, GraphQL)
Containers (Docker)
Server-side Javascript with nodejs
One or more of Postgresql, Mongo, AuroraDB, MySQL
OAuth architectures (Auth0)
Front-end web frameworks (e.g. Angular, vue.js)
Heroku
C++, Python
iOS mobile development
Embedded software (e.g. Arduino) using C++ or C","Toronto, ON",Nothing_found,"$60,000 - $80,000 a year",30+ days ago
Cloud & Full-Stack Backend Software Developer,software engineer,Cognixion,"
3-5 years industry experience
AWS cloud architecture (S3, EC2, Lambda, API Gateway, Polly, DynamoDB, GraphQL)
Containers (Docker)
Server-side Javascript with nodejs
One or more of Postgresql, Mongo, AuroraDB, MySQL
OAuth architectures (Auth0)
Front-end web frameworks (e.g. Angular, vue.js)
Heroku
C++, Python
iOS mobile development
Embedded software (e.g. Arduino) using C++ or C","Toronto, ON",Nothing_found,"$60,000 - $80,000 a year",30+ days ago
"developer, software",software engineer,DIGI Technologies,Hiring LabCareer AdviceBrowse JobsBrowse CompaniesSalariesIndeed EventsWork at IndeedAboutHelp CentreHiring LabCareer AdviceBrowse JobsBrowse CompaniesSalariesIndeed EventsWork at IndeedAboutHelp CentreHiring LabCareer AdviceBrowse JobsBrowse CompaniesSalariesIndeed EventsWork at IndeedAboutHelp Centre,"Mississauga, ON",Nothing_found,$40.10 an hour,30+ days ago
Senior Developer (SharePoint Online),software engineer,Regional Municipality of Peel,"
University or college graduate in computer science or related discipline with minimum 5 years Sharepoint development or an equivalent combination of education and experience.
Progressive technical knowledge and knowledge of best practices in Information Technology service delivery such as SDLC, PMBOK, COBIT and ITIL; certification in these areas will be considered an asset
Expert knowledge in Sharepoint, Sharepoint Online, O365, MS Power Automate, PowerApps and PowerShell
Proficiency in building solutions using Sharepoint Online and integrating O365 and Third-Party applications.
Experience building PowerApps and Workflows including integration with network databases.
Able to travel to various regional locations; and able to work evenings, weekends and holidays, on-call rotation and/or shift work
Demonstrated attention to detail, practical problem solving abilities, ability to proactively identify opportunities and quickly implement solutions
Strong interpersonal and communication skills to build and foster partnerships with clients, technical team, and management in an audience-friendly manner
Driven to continual improvement of processes and working environment
Able to handle fluctuating workloads, conflicting priorities and concurrent activities
Able to work independently and has the desire to learn and share knowledge with team members
Strong team player with excellent customer service skills along with a demonstrated commitment to service excellence, quality and client communication
Demonstrated analytical skills along with excellent organizational and time management skills with the ability to work independently or as part of a team
Exercise sound judgement and make decisions within scope of positionHiring LabCareer AdviceBrowse JobsBrowse CompaniesSalariesIndeed EventsWork at IndeedAboutHelp Centre","Brampton, ON",Nothing_found,"$81,459 - $101,822 a year",5 days ago
software engineer,software engineer,CLYDE RIVER CONSULTANTS INC.,Hiring LabCareer AdviceBrowse JobsBrowse CompaniesSalariesIndeed EventsWork at IndeedAboutHelp Centre,"Brampton, ON",Nothing_found,$46 an hour,2 days ago
Software Development Engineer I,software engineer,"AMZN CAN Fulfillment Svcs, ULC","Bachelor's degree in computer science or a related fieldExpertise in Java, C++, or a similar modern programming languageSolid expertise in data structures and algorithmsExperience with relational and non-relational databases such as Oracle and DynamoDBObsession with quality, operational excellence, and customer experienceStrong problem solving and analytical abilitiesStrong verbal and written communication skills and an ability to work in a team environmentExperience with designing, building and deploying scalable; highly available systemsYou will design, implement, and deploy large-scale systems and services in support of our fulfillment operations and the businesses they support.You will participate in the definition of secure, scalable, and low-latency services and efficient physical processes.You understand system inter-dependencies and limitations.You will functionally decompose complex problems into simple, straight-forward solutions.You have the enthusiasm to share your knowledge in performance, scalability, enterprise system architecture, and engineering excellence.Health CareSavings PlansIncome ProtectionPaid Time OffSigning BonusesEmployee StockHealth CareSavings PlansIncome ProtectionPaid Time OffSigning BonusesEmployee StockHiring LabCareer AdviceBrowse JobsBrowse CompaniesSalariesIndeed EventsWork at IndeedAboutHelp Centre© 2020 IndeedPrivacy CentreCookiesPrivacyTerms","Toronto, ON",Nothing_found,"$83,700 - $139,800 a year",30+ days ago
computer software engineer,software engineer,IPGENIUS BUSINESS SLUTIONS INC.,Hiring LabCareer AdviceBrowse JobsBrowse CompaniesSalariesIndeed EventsWork at IndeedAboutHelp Centre,"Mississauga, ON",Nothing_found,$46 an hour,4 days ago
software engineer,software engineer,AcuityAds Inc,Hiring LabCareer AdviceBrowse JobsBrowse CompaniesSalariesIndeed EventsWork at IndeedAboutHelp Centre,"Toronto, ON",Media & Communication,$45 - $65 an hour,30+ days ago
embedded software engineer,software engineer,ROBOEYE INC.,"Computer Science
Mechanical Engineering
Robotics or controls
Industrial robotics
C++
Python
Attention to detail
Programming languages
Team player
OrganizedHiring LabCareer AdviceBrowse JobsBrowse CompaniesSalariesIndeed EventsWork at IndeedAboutHelp Centre© 2020 IndeedPrivacy CentreCookiesPrivacyTerms","North York, ON",Nothing_found,$45 - $55 an hour,16 days ago
software engineer,software engineer,Computer Systems International,Hiring LabCareer AdviceBrowse JobsBrowse CompaniesSalariesIndeed EventsWork at IndeedAboutHelp Centre,"Toronto, ON",Nothing_found,$46 an hour,30+ days ago
software engineer,software engineer,Chase Auto Parts Inc.,Hiring LabCareer AdviceBrowse JobsBrowse CompaniesSalariesIndeed EventsWork at IndeedAboutHelp Centre,"Mississauga, ON",Nothing_found,$47 an hour,30+ days ago
software engineer,software engineer,AcuityAds Inc,Hiring LabCareer AdviceBrowse JobsBrowse CompaniesSalariesIndeed EventsWork at IndeedAboutHelp Centre,"Toronto, ON",Media & Communication,$45 - $65 an hour,30+ days ago
software engineer,software engineer,Chase Auto Parts Inc.,Hiring LabCareer AdviceBrowse JobsBrowse CompaniesSalariesIndeed EventsWork at IndeedAboutHelp Centre,"Mississauga, ON",Nothing_found,$47 an hour,30+ days ago
software developer,software engineer,Zenith System Solutions,"
PHP
MySQL
JSP
HTML
C++
SQL
Perl
Soap
Ajax
C#
Groovy
Willing to travel
Willing to travel regularly
Willing to travel for extended periods
Willing to travel overnight
Travel expenses paid by employer
Fast-paced environment
Work under pressure
Attention to detail
Tight deadlines
Willing to relocate
JavaOSHiring LabCareer AdviceBrowse JobsBrowse CompaniesSalariesIndeed EventsWork at IndeedAboutHelp Centre© 2020 IndeedPrivacy CentreCookiesPrivacyTerms","Toronto, ON",Nothing_found,"$80,000 a year",11 days ago
software programmer,software engineer,MBC MANAGED IT SERVICES,Hiring LabCareer AdviceBrowse JobsBrowse CompaniesSalariesIndeed EventsWork at IndeedAboutHelp Centre,"Richmond Hill, ON",Nothing_found,"$154,000 a year",30+ days ago
software developer,software engineer,ONE SOLUTION CONSULTANCY SERVICES,Hiring LabCareer AdviceBrowse JobsBrowse CompaniesSalariesIndeed EventsWork at IndeedAboutHelp Centre,"Scarborough, ON",Nothing_found,$38.20 an hour,30+ days ago
computer programmer,software engineer,Laureola Inc.,Hiring LabCareer AdviceBrowse JobsBrowse CompaniesSalariesIndeed EventsWork at IndeedAboutHelp Centre,"Mississauga, ON",Nothing_found,$38.50 an hour,5 days ago
software development manager,software engineer,Unisystech Consulting inc.,Hiring LabCareer AdviceBrowse JobsBrowse CompaniesSalariesIndeed EventsWork at IndeedAboutHelp CentreHiring LabCareer AdviceBrowse JobsBrowse CompaniesSalariesIndeed EventsWork at IndeedAboutHelp Centre,"North York, ON",Nothing_found,$55 an hour,10 days ago
software developer,software engineer,ONE SOLUTION CONSULTANCY SERVICES,Hiring LabCareer AdviceBrowse JobsBrowse CompaniesSalariesIndeed EventsWork at IndeedAboutHelp Centre,"Scarborough, ON",Nothing_found,$38.20 an hour,30+ days ago
software engineer,software engineer,Clairvoyant Inc.,Hiring LabCareer AdviceBrowse JobsBrowse CompaniesSalariesIndeed EventsWork at IndeedAboutHelp CentreHiring LabCareer AdviceBrowse JobsBrowse CompaniesSalariesIndeed EventsWork at IndeedAboutHelp Centre,"Kitchener, ON",Nothing_found,"$80,000 - $90,000 a year",19 days ago
"design engineer, software",software engineer,Evertz Microsystems Ltd.,Hiring LabCareer AdviceBrowse JobsBrowse CompaniesSalariesIndeed EventsWork at IndeedAboutHelp Centre,"Burlington, ON",Manufacturing,"$50,000 - $80,000 a year",30+ days ago
interactive media developer,software engineer,Chronic Ink Tattoos,Hiring LabCareer AdviceBrowse JobsBrowse CompaniesSalariesIndeed EventsWork at IndeedAboutHelp Centre,"Markham, ON",Nothing_found,$38.20 an hour,2 days ago
software programmer,software engineer,Kallem IT Solutions Inc.,Hiring LabCareer AdviceBrowse JobsBrowse CompaniesSalariesIndeed EventsWork at IndeedAboutHelp Centre,"Woodbridge, ON",Nothing_found,$40 an hour,30+ days ago
software engineer,software engineer,Clairvoyant Inc.,Hiring LabCareer AdviceBrowse JobsBrowse CompaniesSalariesIndeed EventsWork at IndeedAboutHelp CentreHiring LabCareer AdviceBrowse JobsBrowse CompaniesSalariesIndeed EventsWork at IndeedAboutHelp Centre,"Kitchener, ON",Nothing_found,"$80,000 - $90,000 a year",19 days ago
Web developer,software engineer,"Amazing Print, Corp",Hiring LabCareer AdviceBrowse JobsBrowse CompaniesSalariesIndeed EventsWork at IndeedAboutHelp CentreHiring LabCareer AdviceBrowse JobsBrowse CompaniesSalariesIndeed EventsWork at IndeedAboutHelp Centre,"North York, ON",Nothing_found,$29.50 an hour,11 days ago
mobile applications developer,software engineer,The Applabb,Hiring LabCareer AdviceBrowse JobsBrowse CompaniesSalariesIndeed EventsWork at IndeedAboutHelp CentreHiring LabCareer AdviceBrowse JobsBrowse CompaniesSalariesIndeed EventsWork at IndeedAboutHelp Centre,"Toronto, ON",Nothing_found,$38.20 an hour,5 days ago
"design engineer, software",software engineer,Evertz Microsystems Ltd.,Hiring LabCareer AdviceBrowse JobsBrowse CompaniesSalariesIndeed EventsWork at IndeedAboutHelp Centre,"Burlington, ON",Manufacturing,"$50,000 - $80,000 a year",30+ days ago
Web developer,software engineer,JCA Law Office Professional Corporation,Nothing_found,"Toronto, ON",Nothing_found,$34 an hour,19 days ago
software developer,software engineer,"Amazing Print, Corp",Nothing_found,"North York, ON",Nothing_found,$40 an hour,29 days ago
software developer,software engineer,EN3 Solutions Ltd.,Nothing_found,"York, ON",Nothing_found,$44 an hour,30+ days ago
software developer,software engineer,"Amazing Print, Corp",Hiring LabCareer AdviceBrowse JobsBrowse CompaniesSalariesIndeed EventsWork at IndeedAboutHelp CentreHiring LabCareer AdviceBrowse JobsBrowse CompaniesSalariesIndeed EventsWork at IndeedAboutHelp CentreHiring LabCareer AdviceBrowse JobsBrowse CompaniesSalariesIndeed EventsWork at IndeedAboutHelp Centre,"North York, ON",Nothing_found,$40 an hour,29 days ago
software developer,software engineer,JST Solutions,Hiring LabCareer AdviceBrowse JobsBrowse CompaniesSalariesIndeed EventsWork at IndeedAboutHelp Centre,"Markham, ON",Nothing_found,$39 an hour,30+ days ago
software developer,software engineer,JST Solutions,Hiring LabCareer AdviceBrowse JobsBrowse CompaniesSalariesIndeed EventsWork at IndeedAboutHelp Centre,"Markham, ON",Nothing_found,$39 an hour,30+ days ago
Web developer,software engineer,BLUEFIN ENTERPRISES INC,Hiring LabCareer AdviceBrowse JobsBrowse CompaniesSalariesIndeed EventsWork at IndeedAboutHelp CentreHiring LabCareer AdviceBrowse JobsBrowse CompaniesSalariesIndeed EventsWork at IndeedAboutHelp CentreHiring LabCareer AdviceBrowse JobsBrowse CompaniesSalariesIndeed EventsWork at IndeedAboutHelp Centre,"Toronto, ON",Nothing_found,$36.05 an hour,5 days ago
Full Stack Developer (Co-op) Must Be Current Student To Apply!,software engineer,Prodigy Game,"You demonstrate desire and ability to learn new applications and technologies quickly
You are passionate about building amazing products and experiences
You thrive on collaboration and enjoy working side by side with people from different backgrounds and disciplines
You have strong written and verbal communication skills","Toronto, ON",Education,$24 - $29 an hour,12 days ago
software developer,software engineer,"Amazing Print, Corp",Hiring LabCareer AdviceBrowse JobsBrowse CompaniesSalariesIndeed EventsWork at IndeedAboutHelp CentreHiring LabCareer AdviceBrowse JobsBrowse CompaniesSalariesIndeed EventsWork at IndeedAboutHelp CentreHiring LabCareer AdviceBrowse JobsBrowse CompaniesSalariesIndeed EventsWork at IndeedAboutHelp Centre,"North York, ON",Nothing_found,$40 an hour,29 days ago
software developer,software engineer,JST Solutions,Hiring LabCareer AdviceBrowse JobsBrowse CompaniesSalariesIndeed EventsWork at IndeedAboutHelp Centre,"Markham, ON",Nothing_found,$39 an hour,30+ days ago
Web developer,software engineer,JCA Law Office Professional Corporation,Hiring LabCareer AdviceBrowse JobsBrowse CompaniesSalariesIndeed EventsWork at IndeedAboutHelp Centre,"Toronto, ON",Nothing_found,$34 an hour,19 days ago
software developer,software engineer,Vibrant Healthcare Alliance,Hiring LabCareer AdviceBrowse JobsBrowse CompaniesSalariesIndeed EventsWork at IndeedAboutHelp CentreHiring LabCareer AdviceBrowse JobsBrowse CompaniesSalariesIndeed EventsWork at IndeedAboutHelp CentreHiring LabCareer AdviceBrowse JobsBrowse CompaniesSalariesIndeed EventsWork at IndeedAboutHelp Centre,"Toronto, ON",Nothing_found,$38.50 an hour,26 days ago
systems integration engineer - software,software engineer,CANADIAN AERO IT SERVICES INC.,Hiring LabCareer AdviceBrowse JobsBrowse CompaniesSalariesIndeed EventsWork at IndeedAboutHelp CentreHiring LabCareer AdviceBrowse JobsBrowse CompaniesSalariesIndeed EventsWork at IndeedAboutHelp Centre,"Brampton, ON",Nothing_found,$45.75 an hour,30+ days ago
Web programmer,software engineer,Comarm Solutions Inc.,Hiring LabCareer AdviceBrowse JobsBrowse CompaniesSalariesIndeed EventsWork at IndeedAboutHelp Centre,"Toronto, ON",Nothing_found,"$60,000 a year",30+ days ago
Jr. Business Intelligence Developer,software engineer,Sterling-Turner,Nothing_found,"Toronto, ON",Nothing_found,"$90,000 - $150,000 a year",30+ days ago
software developer,software engineer,AAA Enterprise Solutions Inc.,Hiring LabCareer AdviceBrowse JobsBrowse CompaniesSalariesIndeed EventsWork at IndeedAboutHelp Centre,"Mississauga, ON",Nothing_found,$38.25 an hour,30+ days ago
software developer,software engineer,Uppercase Solutions Inc,Hiring LabCareer AdviceBrowse JobsBrowse CompaniesSalariesIndeed EventsWork at IndeedAboutHelp CentreHiring LabCareer AdviceBrowse JobsBrowse CompaniesSalariesIndeed EventsWork at IndeedAboutHelp CentreHiring LabCareer AdviceBrowse JobsBrowse CompaniesSalariesIndeed EventsWork at IndeedAboutHelp Centre,"Thornhill, ON",Nothing_found,$38.20 an hour,30+ days ago
software programmer,software engineer,Convergent,Hiring LabCareer AdviceBrowse JobsBrowse CompaniesSalariesIndeed EventsWork at IndeedAboutHelp CentreHiring LabCareer AdviceBrowse JobsBrowse CompaniesSalariesIndeed EventsWork at IndeedAboutHelp Centre,"Toronto, ON",Nothing_found,"$72,800 a year",29 days ago
business application programmer,software engineer,Clientserver Tech Systems,Hiring LabCareer AdviceBrowse JobsBrowse CompaniesSalariesIndeed EventsWork at IndeedAboutHelp Centre,"Mississauga, ON",Nothing_found,$43 an hour,30+ days ago
Web developer,software engineer,Zenith System Solutions,Hiring LabCareer AdviceBrowse JobsBrowse CompaniesSalariesIndeed EventsWork at IndeedAboutHelp Centre,"Toronto, ON",Nothing_found,$35 an hour,30+ days ago
software developer,software engineer,AAA Enterprise Solutions Inc.,Hiring LabCareer AdviceBrowse JobsBrowse CompaniesSalariesIndeed EventsWork at IndeedAboutHelp Centre,"Mississauga, ON",Nothing_found,$38.25 an hour,30+ days ago
Web developer,software engineer,ZLP Tech,Hiring LabCareer AdviceBrowse JobsBrowse CompaniesSalariesIndeed EventsWork at IndeedAboutHelp CentreHiring LabCareer AdviceBrowse JobsBrowse CompaniesSalariesIndeed EventsWork at IndeedAboutHelp Centre,"Toronto, ON",Nothing_found,$34 an hour,30+ days ago
software developer,software engineer,Uppercase Solutions Inc,Hiring LabCareer AdviceBrowse JobsBrowse CompaniesSalariesIndeed EventsWork at IndeedAboutHelp CentreHiring LabCareer AdviceBrowse JobsBrowse CompaniesSalariesIndeed EventsWork at IndeedAboutHelp CentreHiring LabCareer AdviceBrowse JobsBrowse CompaniesSalariesIndeed EventsWork at IndeedAboutHelp Centre,"Thornhill, ON",Nothing_found,$38.20 an hour,30+ days ago
Devops Engineer,software engineer,Maple,"
3+ years of experience in a DevOps, infrastructure, systems, site reliability engineer, or equivalent role
Experience building and maintaining Amazon Web Services cloud infrastructure
Experience with infrastructure as code and configuration management tools (Terraform and Ansible preferred)
Experience building, deploying and managing Docker containers
Experience configuring CI/CD pipelines using CircleCI, GitHub Actions, etc.
Experience with monitoring and alerting tools such as New Relic, Datadog, etc.
Experience working within an Agile SDLC and with continuous integration and deployment practices
Experience applying cloud security best practices and maintaining compliance (e.g. SOC 2 or ISO27001)","Toronto, ON",Nothing_found,"$120,000 - $130,000 a year",30+ days ago
"programmer, Web",software engineer,CIMT College,Hiring LabCareer AdviceBrowse JobsBrowse CompaniesSalariesIndeed EventsWork at IndeedAboutHelp Centre,"Mississauga, ON",Education,$20 - $25 an hour,1 day ago
programmer analyst,software engineer,Aarorn Technologies Inc.,Hiring LabCareer AdviceBrowse JobsBrowse CompaniesSalariesIndeed EventsWork at IndeedAboutHelp CentreHiring LabCareer AdviceBrowse JobsBrowse CompaniesSalariesIndeed EventsWork at IndeedAboutHelp Centre,"Guelph, ON",Nothing_found,"$78,000 a year",30+ days ago
computer programmer,software engineer,Highlight Motor Freight Inc.,Hiring LabCareer AdviceBrowse JobsBrowse CompaniesSalariesIndeed EventsWork at IndeedAboutHelp Centre,"Concord, ON",Transportation & Logistics,$39 an hour,29 days ago
Web developer,software engineer,1st Call Industrial Ltd.,Hiring LabCareer AdviceBrowse JobsBrowse CompaniesSalariesIndeed EventsWork at IndeedAboutHelp Centre,"Mississauga, ON",Nothing_found,$27 an hour,30+ days ago
computer programmer,software engineer,Highlight Motor Freight Inc.,Hiring LabCareer AdviceBrowse JobsBrowse CompaniesSalariesIndeed EventsWork at IndeedAboutHelp Centre,"Concord, ON",Transportation & Logistics,$39 an hour,29 days ago
Cloud & Full-Stack Backend Software Developer,software engineer,Cognixion,"
3-5 years industry experience
AWS cloud architecture (S3, EC2, Lambda, API Gateway, Polly, DynamoDB, GraphQL)
Containers (Docker)
Server-side Javascript with nodejs
One or more of Postgresql, Mongo, AuroraDB, MySQL
OAuth architectures (Auth0)
Front-end web frameworks (e.g. Angular, vue.js)
Heroku
C++, Python
iOS mobile development
Embedded software (e.g. Arduino) using C++ or C","Toronto, ON",Nothing_found,"$60,000 - $80,000 a year",30+ days ago
Data Integrity Analyst,data analyst,Humber River Hospital,"
Collect and review data from clinical departments to meet requirements for internal and external stakeholders.
Assist with review and submission of Ministry of Health, LHIN, Cancer Care Ontario data submissions.
Analyze various datasets for accuracy and quality; review and evaluate data. requirements and other data sources (e.g. Wait Times, Surgical Booking form, National Ambulatory Care Reporting System (NACRS), Surgical Booking Form, Meditech, Case Costing data).
Update data elements file and data source maps in database.
Prepare reports and statistics arising from the data for submission to internal and external stakeholders (e.g. QBP/Case Costing working groups, Surgery department, Alternate Level of Care (ALC) patients, ALR, Emergency department (ED), Surgical Efficiency Target Program (SETP).
Create meaningful utilization reports using various systems (WTIS, iport, Meditech, abstracted and financial data, Case Costing) to package key monitoring information that would be user friendly and available in real time.
Provide regular statistical and narrative data on various activities with interpretation to support the various clinical programs (i.e. Wait Times/Decision Support)
An undergraduate degree in Business, Health Administration or Information Management is required.
2 years experience with database systems required.
Experience with ALR, Wait Times, Case Costing preferred.
","Toronto, ON",Healthcare,$35.89 - $42.37 an hour,2 days ago
database analyst,data analyst,Revolution Capital,Hiring LabCareer AdviceBrowse JobsBrowse CompaniesSalariesIndeed EventsWork at IndeedAboutHelp Centre,"Woodbridge, ON",Finance,$34 an hour,2 days ago
securities analyst,data analyst,"DeepR Analytics, Inc.",Hiring LabCareer AdviceBrowse JobsBrowse CompaniesSalariesIndeed EventsWork at IndeedAboutHelp Centre,"Toronto, ON",Nothing_found,"$70,000 - $100,000 a year",11 days ago
database analyst,data analyst,Green Bee 3,Hiring LabCareer AdviceBrowse JobsBrowse CompaniesSalariesIndeed EventsWork at IndeedAboutHelp Centre,"Concord, ON",Nothing_found,$34 an hour,30+ days ago
database analyst,data analyst,Dynamic Endoscopy & Speciality Care,Hiring LabCareer AdviceBrowse JobsBrowse CompaniesSalariesIndeed EventsWork at IndeedAboutHelp Centre,"St. Catharines, ON",Nothing_found,$34 an hour,30+ days ago
data analyst - informatics and systems,data analyst,EU Health and Innovations Inc.,"
Oracle
MySQL
MS Access
MS SQL Server
MS Excel
MySQL
Python
Fast-paced environment
Work under pressure
Attention to detail
Database software
Programming languages
Data analysis software
Accurate
Team player
Judgement
OrganizedHiring LabCareer AdviceBrowse JobsBrowse CompaniesSalariesIndeed EventsWork at IndeedAboutHelp Centre© 2020 IndeedPrivacy CentreCookiesPrivacyTerms","Thornhill, ON",Nothing_found,"$81,000 a year",30+ days ago
"analyst, systems technical support",data analyst,GLOXTAR INC.,Hiring LabCareer AdviceBrowse JobsBrowse CompaniesSalariesIndeed EventsWork at IndeedAboutHelp Centre,"Etobicoke, ON",Nothing_found,$30.50 an hour,3 days ago
Business Analyst Court Services,data analyst,Niagara Region,"Post-secondary degree in Business, Law/Public Administration or Information Technology or equivalent combination of education, training and experience
Formal training in project management, ITIL, process redesign, quality improvement or program evaluation preferredDemonstrated experience in program review principles, Lean/Six Sigma and project managementKnowledge of business process modeling, structured analysis, design and programming techniquesAbility to interpret legislationExperience working with Microsoft software programs such as Project, Visio, Office as well as servers and networksMinimum of 5 years systems planning, support, conceptual design and feasibility study experience in a medium to large organization of a complex diverse nature is preferredWorking knowledge of Provincial Offences Act and other applicable legislation such as the Courts of Justice Act, the Creditor’s Relief Act, employment legislation, the Rules of Civil Procedure, in particular the Small Claims Court rules is preferredKnowledge of the Court Administration Management System (CAMS) the Integrated Court Offences Network (ICON) software is preferredCBAP or PBA or similar designation preferredPMP designation preferredInvestigates business problems, analyzing optional solutions and creating recommendations.
Works closely with IT Solutions to aid in the support of existing systems and the planning and implementation of new systems and system processes.
Supporting feasibility studies, creating test scripts, leading UAT, training and obtaining end-user feedback.
Advises business management on how best to leverage technical resources for business-specific activities, while collaborating with IT Solutions team.Provides recommendations for solutions which fit within Court Services Applications, evaluating alternatives, detailing functions to be performed, designing work methods and procedures, collaborating with IT for the User Acceptance test plan and assisting with the Quality Assurance testing.Assists with system implementation and develops or recommends changes to client area work methods and procedures.
Assists in troubleshooting software application issues.Identifies application, user/operator related problems.
Assists in promoting ongoing support of applications. Ensures project terms are upheld, and project is moving towards completion on time and on budget with efficiency.
Ensures proper resourcing and prioritization from other required stakeholders (i.e. cross department, outside agencies, council, external consultants etc.).Works with key stakeholders and project sponsors to determine baseline metrics to measure project success.Manages each project/event phase and ensures that participants and stakeholders have the appropriate tools/resources, necessary information and guidance to enable them to engage in the process and maximize the potential outcome of each event.
Writes technical procedures and documentation for the applications, including operations, etc.
Provides documentation and procedural support on department projects/initiatives.Writes, revises and communicates policies, reports, procedures and guidelines related to the use of technology in Courts ServicesEnsures timely, accurate data entry in accordance with departmental policies, professional standards and Ministry protocols and directives.Prepares reports as required, which includes: accessing, verifying, and preparing dataAssists the team with performance monitoring and the use of data for continuous quality improvement initiatives, score carding and dash boarding
Monitors trends and assesses statistical data in order to guide program planning and support Provincial Offences processes in Niagara.Facilitates and interprets data analysis to internal and external stakeholders.Collaborates within the corporation regarding data collection projects which impact departmental initiativesActs as a liaison between Court Services and internal or external stakeholders involved in project management (including IT Solutions, Municipal Court Managers Association, Ministry of the Attorney General, etc.)Liaises with Regional staff in other division/departments, including staff within Accounting, Purchasing, IT, Human Resources, Construction, Energy and Facility Management and Clerks.Attends meetings and represents the POC on various committees and teams, as required both within Niagara Region as well as provincially.Remains current in relevant legislation, regulations, practices, procedures, developments and trends in sub-committees, attending conferences, workshops and seminars as required.
In accordance with the Corporate Criminal Record Check Policy, the position requires the incumbent to undergo a Criminal Records Check and submit a Canadian Police Clearance Certificate.Regional staff strive to enable the strategic priorities of council and the organization through the completion of their work. Staff carry out their work by demonstrating the corporate values.Hiring LabCareer AdviceBrowse JobsBrowse CompaniesSalariesIndeed EventsWork at IndeedAboutHelp Centre© 2020 IndeedPrivacy CentreCookiesPrivacyTerms","Niagara, ON",Nothing_found,"$68,480 - $80,560 a year",8 days ago
Business Analyst Court Services,data analyst,Niagara Region,"Post-secondary degree in Business, Law/Public Administration or Information Technology or equivalent combination of education, training and experience
Formal training in project management, ITIL, process redesign, quality improvement or program evaluation preferredDemonstrated experience in program review principles, Lean/Six Sigma and project managementKnowledge of business process modeling, structured analysis, design and programming techniquesAbility to interpret legislationExperience working with Microsoft software programs such as Project, Visio, Office as well as servers and networksMinimum of 5 years systems planning, support, conceptual design and feasibility study experience in a medium to large organization of a complex diverse nature is preferredWorking knowledge of Provincial Offences Act and other applicable legislation such as the Courts of Justice Act, the Creditor’s Relief Act, employment legislation, the Rules of Civil Procedure, in particular the Small Claims Court rules is preferredKnowledge of the Court Administration Management System (CAMS) the Integrated Court Offences Network (ICON) software is preferredCBAP or PBA or similar designation preferredPMP designation preferredInvestigates business problems, analyzing optional solutions and creating recommendations.
Works closely with IT Solutions to aid in the support of existing systems and the planning and implementation of new systems and system processes.
Supporting feasibility studies, creating test scripts, leading UAT, training and obtaining end-user feedback.
Advises business management on how best to leverage technical resources for business-specific activities, while collaborating with IT Solutions team.Provides recommendations for solutions which fit within Court Services Applications, evaluating alternatives, detailing functions to be performed, designing work methods and procedures, collaborating with IT for the User Acceptance test plan and assisting with the Quality Assurance testing.Assists with system implementation and develops or recommends changes to client area work methods and procedures.
Assists in troubleshooting software application issues.Identifies application, user/operator related problems.
Assists in promoting ongoing support of applications. Ensures project terms are upheld, and project is moving towards completion on time and on budget with efficiency.
Ensures proper resourcing and prioritization from other required stakeholders (i.e. cross department, outside agencies, council, external consultants etc.).Works with key stakeholders and project sponsors to determine baseline metrics to measure project success.Manages each project/event phase and ensures that participants and stakeholders have the appropriate tools/resources, necessary information and guidance to enable them to engage in the process and maximize the potential outcome of each event.
Writes technical procedures and documentation for the applications, including operations, etc.
Provides documentation and procedural support on department projects/initiatives.Writes, revises and communicates policies, reports, procedures and guidelines related to the use of technology in Courts ServicesEnsures timely, accurate data entry in accordance with departmental policies, professional standards and Ministry protocols and directives.Prepares reports as required, which includes: accessing, verifying, and preparing dataAssists the team with performance monitoring and the use of data for continuous quality improvement initiatives, score carding and dash boarding
Monitors trends and assesses statistical data in order to guide program planning and support Provincial Offences processes in Niagara.Facilitates and interprets data analysis to internal and external stakeholders.Collaborates within the corporation regarding data collection projects which impact departmental initiativesActs as a liaison between Court Services and internal or external stakeholders involved in project management (including IT Solutions, Municipal Court Managers Association, Ministry of the Attorney General, etc.)Liaises with Regional staff in other division/departments, including staff within Accounting, Purchasing, IT, Human Resources, Construction, Energy and Facility Management and Clerks.Attends meetings and represents the POC on various committees and teams, as required both within Niagara Region as well as provincially.Remains current in relevant legislation, regulations, practices, procedures, developments and trends in sub-committees, attending conferences, workshops and seminars as required.
In accordance with the Corporate Criminal Record Check Policy, the position requires the incumbent to undergo a Criminal Records Check and submit a Canadian Police Clearance Certificate.Regional staff strive to enable the strategic priorities of council and the organization through the completion of their work. Staff carry out their work by demonstrating the corporate values.Hiring LabCareer AdviceBrowse JobsBrowse CompaniesSalariesIndeed EventsWork at IndeedAboutHelp Centre© 2020 IndeedPrivacy CentreCookiesPrivacyTerms","Niagara, ON",Nothing_found,"$68,480 - $80,560 a year",8 days ago
database analyst,data analyst,EN3 Solutions Ltd.,Hiring LabCareer AdviceBrowse JobsBrowse CompaniesSalariesIndeed EventsWork at IndeedAboutHelp Centre,"York, ON",Nothing_found,$34.50 an hour,30+ days ago
marketing analyst,data analyst,PolicyMe,Hiring LabCareer AdviceBrowse JobsBrowse CompaniesSalariesIndeed EventsWork at IndeedAboutHelp CentreHiring LabCareer AdviceBrowse JobsBrowse CompaniesSalariesIndeed EventsWork at IndeedAboutHelp Centre,"York, ON",Nothing_found,"$70,000 a year",30+ days ago
database analyst,data analyst,EN3 Solutions Ltd.,Hiring LabCareer AdviceBrowse JobsBrowse CompaniesSalariesIndeed EventsWork at IndeedAboutHelp Centre,"York, ON",Nothing_found,$34.50 an hour,30+ days ago
Business Analyst,data analyst,Humber River Hospital,"
Prepare annual budget in collaboration with internal stakeholders from assigned portfolio
Regular monthly analysis of budget and payroll variances (e.g. financial results to department managers, directors)
Apply Generally Accepted Accounting Principles (GAAP)/Public Sector Accounting Standards and Management of Information Systems (MIS) standards to recommend appropriate accounting entries for the accurate recording monthly financial results
Review monthly actual vs. budget results; follow up on significant variances, and determine
An undergraduate degree in Business, Finance, Economics or Health Information is required.
2- 4 years experience in Business Support for financial planning and analysis preferably in Healthcare required.
Strong Proficiency with MS Office, Excel (advanced), Word, Outlook, PowerPoint etc. required.
Experience with Meditech preferred.
Experience with Business Intelligence Tools preferred
Strong financial analysis, data management and statistical analysis experience.
Familiarity with Ontario Healthcare Reporting Standards (OHRS), Management of Information Systems (MIS) Reporting Standards preferred.
Superb communication & consultative customer service skills required.
Excellent attendance and discipline free record required","Toronto, ON",Healthcare,"$75,279 - $79,995 a year",23 days ago
Jr. Business Intelligence Developer,data analyst,Sterling-Turner,"Recent graduate from a computer science or technology related programSome technical acumenKnowledge of SQL, C and C#Some previous related work experience (co-op terms or internships)Knowledge of Oracle productsWork with the Senior Business Intelligence Consultants to hit project deliverablesParticipate in training, mentorship activities to learn about the technologies, business and development in generalSome rotational shift work involved, to ensure support of the BI applications","Toronto, ON",Nothing_found,"$90,000 - $150,000 a year",30+ days ago
"analyst, computer",data analyst,ERP Buddies Inc.,Hiring LabCareer AdviceBrowse JobsBrowse CompaniesSalariesIndeed EventsWork at IndeedAboutHelp Centre,"Mississauga, ON",Nothing_found,$39 an hour,30+ days ago
"Program Manager, Data Management & Business Intelligence",data analyst,York Region,Nothing_found,"Newmarket, ON",Government & Public Administration,"$107,874 - $126,846 a year",3 days ago
"analyst, information systems - computer systems",data analyst,Reppa Flags & Souvenirs,Hiring LabCareer AdviceBrowse JobsBrowse CompaniesSalariesIndeed EventsWork at IndeedAboutHelp Centre,"Etobicoke, ON",Nothing_found,"$50,000 - $70,000 a year",20 days ago
programmer analyst,data analyst,TWI Foods Inc.,Hiring LabCareer AdviceBrowse JobsBrowse CompaniesSalariesIndeed EventsWork at IndeedAboutHelp CentreHiring LabCareer AdviceBrowse JobsBrowse CompaniesSalariesIndeed EventsWork at IndeedAboutHelp Centre,"Etobicoke, ON",Nothing_found,$38.50 an hour,30+ days ago
"Analyst, Computer",data analyst,ERP Buddies,"Confer with clients to identify and document requirements
Conduct business and technical studies
Design, develop and implement information systems business solutions
Provide advice on information systems strategy, policy, management and service delivery
 Assess physical and technical security risks to data, software and hardware
Develop and implement policies and procedures throughout the software development life cycle
Develop policies, procedures and contingency plans to minimize the effects of security breaches
Conduct reviews to assess quality assurance practices, software products and information systemsConfer with clients to identify and document requirements
Conduct business and technical studies
Design, develop and implement information systems business solutions
Provide advice on information systems strategy, policy, management and service delivery
 Assess physical and technical security risks to data, software and hardware
Develop and implement policies and procedures throughout the software development life cycle
Develop policies, procedures and contingency plans to minimize the effects of security breaches
Conduct reviews to assess quality assurance practices, software products and information systems","Mississauga, ON",Nothing_found,$39 an hour,28 days ago
database analyst,data analyst,Tamarack Freight LTD,Hiring LabCareer AdviceBrowse JobsBrowse CompaniesSalariesIndeed EventsWork at IndeedAboutHelp Centre,"Brampton, ON",Nothing_found,$34 an hour,30+ days ago
Research Analyst,data analyst,Centre for Addiction and Mental Health,Hiring LabCareer AdviceBrowse JobsBrowse CompaniesSalariesIndeed EventsWork at IndeedAboutHelp CentreHiring LabCareer AdviceBrowse JobsBrowse CompaniesSalariesIndeed EventsWork at IndeedAboutHelp CentreHiring LabCareer AdviceBrowse JobsBrowse CompaniesSalariesIndeed EventsWork at IndeedAboutHelp Centre,"Toronto, ON",Healthcare,$24.60 - $32.81 an hour,15 days ago
business systems analyst,data analyst,Vibrant Healthcare Alliance,Hiring LabCareer AdviceBrowse JobsBrowse CompaniesSalariesIndeed EventsWork at IndeedAboutHelp Centre,"Toronto, ON",Nothing_found,$39.50 an hour,30+ days ago
Water Resources Analyst,data analyst,City of Kitchener,Nothing_found,"Kitchener, ON",Government & Public Administration,"$70,436 - $88,045 a year",10 days ago
computer systems business analyst,data analyst,Nothing_found,Nothing_found,"Toronto, ON",Nothing_found,"$80,000 a year",18 days ago
information systems business analyst,data analyst,88 WEBSTUDIO INC.,Nothing_found,"Etobicoke, ON",Nothing_found,$39 - $43 an hour,30+ days ago
SEPT Grad - SESSIONAL FACULTY - SEP 786 Artificial Intelligence & Machine Learning Fundamentals/ SEP 787 Machine Learning: Classifi...,data scientist,McMaster University,Hiring LabCareer AdviceBrowse JobsBrowse CompaniesSalariesIndeed EventsWork at IndeedAboutHelp Centre,"Hamilton, ON",Education,"$8,100 a month",30+ days ago
"Research Scientist, Robotics Machine Learning & Artificial Intelligence",data scientist,Vineland Research and Innovation Centre,"Reporting to the Director, Automation, the Research Scientist, Robotics Machine Learning (ML) & Artificial Intelligence (AI) is a core role with-in Vineland’s Automation Group with supervisory responsibilities of other researchers, engineers and technical staff.A scientist is appointed to lead research and development in an area of specialized scientific or engineering expertise. They are required to maintain a strong up-to-date knowledge of their field and make a significant intellectual contribution to the delivery of Vineland’s innovation goals.The multi-disciplinary, integrated nature of Vineland’s research programs requires a flexible, team focused mind-set and a solid understanding of organizational goals and priorities. Scientists are expected to be outstanding role models of Vineland’s core values of Excellence, Integrity, Entrepreneurial spirit, Openness, Collaborative and Impact-drivenAs a Research Scientist, Robotics ML & AI expert you will develop algorithms, AI and ML capabilities for robotic and automation systems to perform functions that involve picking crops, aiding decisions of picking and much more.This role involves developing systems architecture and deploying various ML & AI techniques such as neural networks, deep learning and much more for embedded hardware solutions or data storage/cloud applications.Design and apply ML/AI algorithms and evaluate their performance and translating generatedIntegrate with existing software practices that produce maintainable code, includingFamiliar with improving/optimizing/tuning existing algorithms as well as development of newDemonstrate a hands-on approach to problem solving and must be willing to activelyDevelop new Deep Learning algorithms that can leverage massive amounts of labelled/unlabelledDevelop machine learning models using deep learning techniques for computer vision tasksProduce high quality tested code that enables large scale research and can be transferred toStay up to date on the state-of-the-art in AI/ML techniques and software, in collaborationWork in a multidisciplinary team and collaborate with other teams across the company.Present results in verbal and written communications, including potentially at topProvide intellectual leadership in their field and contribute to the design and execution ofProvide guidance, training and oversight to technical staff as requiredPrepare plans, budgets, analysis and reports to aid in execution and communication of R&D activitiesPrepare business case, budgets and rationale for new projects, present Opportunity Analysis to senior management and proposals for grant or industry fundingMaintain a high level of quality control in their area of expertise including (but notMaintain a strong awareness of issues and opportunities in the horticulture sector, generate new ideas and pursue the development of projects that deliver on Vineland’s innovation goalsParticipate in the creation, protection and commercialization of intellectual propertyMaintain a strong up-to-date knowledge of technological advancements and competition in their fieldParticipate in the scientific community via conferences, peer-reviewed publication, adjunct University faculty status and/or graduate student supervisionBuild collaborative relationships in the science and technology community that strengthen Vineland’s R&D teamsBuild and maintain relationships with clients and industry partners to gain input, support, investment, service contracts or commercial relationships as the role requiresCommunicate results and represent Vineland at scientific, industry, government and public eventsA scientist is likely to participate on more than one R&D team and may be accountable toManage staff that may include other scientists, postdocs, engineers, technical staff andFoster an open, productive and collaborative work environmentSet annual targets and hold staff accountable for meeting milestones and developmental goalsMaintain a safe and healthy work environment and ensure policies and procedures are followedAdminister and adhere to organizational processes and policiesInterface with the Director, business staff and/or senior management to develop R&D plans, proposals, intellectual property filings, commercialization strategies and other material that facilitates the innovation processPrepare reports, proposals, plans and presentations for internal and external audiencesPhD (preferred), Masters (+3-year technical experience) in computer science or engineeringProficient in Python and Unix is a minimum. Additional knowledge of C/++ is a plusYou are passionate about ML, both large scale engineering and research challenges, especially in Robotics & AutomationStrong background in mathematics (optimization, linear algebra, statistics and algorithms)Project delivery experience in a relevant areaExperience in working in cross-functional teamsSupervisory experience with strong interpersonal skillsSuperior ability to communicate technical information in written and oral communications to a range of different audiencesUp-to-date technical knowledge and awareness of new developments in fieldSound working knowledge of budgeting and financial managementEntrepreneurial spirit and a willingness to engage in the business side of R&DFamiliarity with intellectual property (IP) conceptsSelf-assured, confident, self-motivated and goal-orientedStrategic, insightful, creative and adaptablePhD (preferred), in computer science or engineeringRelevant experience to the position such as post-doctoral roles, a proven track record of publications, or artificial intelligenceFamiliarity with Neural Networks and applications in roboticsYou have experience with object detection, computer vision and path planningExperience in Horticulture or AgricultureCasual dressDental careDisability insuranceEmployee assistance programExtended health careLife insuranceOn-site parkingPaid time offDay shiftMonday to FridayTechnical: 3 years (Required)Yes, temporarily due to COVID-19Remote interview processPersonal protective equipment provided or requiredSocial distancing guidelines in placeVirtual meetingsSanitizing, disinfecting, or cleaning procedures in placeHiring LabCareer AdviceBrowse JobsBrowse CompaniesSalariesIndeed EventsWork at IndeedAboutHelp Centre© 2020 IndeedPrivacy CentreCookiesPrivacyTerms","Vineland Station, ON",Agriculture,"$75,000 a year",2 days ago
Junior Data Scientist,data scientist,Visual Defence Inc,"Build and support data and machine learning models related to business applicationsMeasure outcome and develop processes and tools to provide data and predictions to teamProgramming and support in writing ready data science scripts / applicationsDeliver work on time and on budgetAwareness of technology trends in relevant areasPerform other assigned duties as required1-2 years of experience in data science, analysis and visualizationAbility to identify and present data analysis to address business problemsGood understanding of data analysis, advanced analytics with exposure to machine learningDemonstrated experience using statistical and data manipulation languages (e.g. Python, R, SQL)Data visualization tools (e.g. Tableau)Strong communication, presentation and documentation skills in English requiredMachine learning experience with TensorFlow an assetCasual dressDental careExtended health careLife insuranceVision care8 hour shiftMonday to FridayPython: 2 years (Required)Data Visualization: 2 years (Required)Data Analysis: 2 years (Required)Bachelor's Degree (Required)NoHiring LabCareer AdviceBrowse JobsBrowse CompaniesSalariesIndeed EventsWork at IndeedAboutHelp Centre© 2020 IndeedPrivacy CentreCookiesPrivacyTerms","Richmond Hill, ON",Nothing_found,"$45,000 - $55,000 a year",4 days ago
Data Scientist,data scientist,Acerta Analytics Solutions Inc,Nothing_found,"Kitchener, ON",Nothing_found,"$90,000 - $100,000 a year",7 days ago
Data Scientist,data scientist,Perennial Inc.,Nothing_found,"Bolton, ON",Retail & Wholesale,"$69,385 - $84,804 a year",17 days ago
"Lead Educator, Data Science",data scientist,Juno College,Nothing_found,"Toronto, ON",Nothing_found,"$85,000 a year",Today
